https://vadmvappointments.as.me/?calendarID=3871869,Abingdon - 25552 Lee Highway
https://vadmvappointments.as.me/?calendarID=4024314,Alexandria - 2681 Mill Road
https://vadmvappointments.as.me/?calendarID=4190268,Altavista - 1301 H Main Street
https://vadmvappointments.as.me/?calendarID=3871975,Arlington - 4150 South Four Mile Run Drive
https://vadmvappointments.as.me/?calendarID=4190475,Arlington Metro at Va. Square - 3434 North Washington Blvd. Suite RET01
https://vadmvappointments.as.me/?calendarID=4315670,Bedford - 1128 E. Lynchburg Salem Turnpike
https://vadmvappointments.as.me/?calendarID=3886284,Charlottesville -  2055 Abbey Road
https://vadmvappointments.as.me/?calendarID=3886163,Chesapeake - 813 Greenbrier Parkway
https://vadmvappointments.as.me/?calendarID=3886184,Chester - 12100 Branders Creek Drive
https://vadmvappointments.as.me/?calendarID=3875732,Chesterfield - 610 Johnston Willis Drive
https://vadmvappointments.as.me/?calendarID=3886254,Christiansburg - 385 Arbor Drive
https://vadmvappointments.as.me/?calendarID=4190413,Clintwood - 2311 Dickenson Hwy.
https://vadmvappointments.as.me/?calendarID=4175348,Covington - 121 Mall Road
https://vadmvappointments.as.me/?calendarID=4190301,Culpeper - 18505 Crossroad Parkway
https://vadmvappointments.as.me/?calendarID=4151229,Danville - 126 Sandy Court Suite C
https://vadmvappointments.as.me/?calendarID=4190274,East Henrico - 5517 South Laburnum Avenue
https://vadmvappointments.as.me/?calendarID=3886231,Emporia - 103 Commonwealth Blvd
https://vadmvappointments.as.me/?calendarID=3885857,Fairfax/Westfields - 14950 Northridge Drive
https://vadmvappointments.as.me/?calendarID=4024330,Farmville - 300 North Virginia Street
https://vadmvappointments.as.me/?calendarID=3874863,Franconia - 6306 Grovedale Drive
https://vadmvappointments.as.me/?calendarID=3885986,Fredericksburg -  5700 Southpoint Centre Blvd
https://vadmvappointments.as.me/?calendarID=4023692,Front Royal - 15 Water Street
https://vadmvappointments.as.me/?calendarID=3885798,Galax - 7565 Carrollton Pike
https://vadmvappointments.as.me/?calendarID=4085797,Gate City - 382 Jones Street Suite 101
https://vadmvappointments.as.me/?calendarID=3886025,Gloucester - 2348 York Crossing Drive
https://vadmvappointments.as.me/?calendarID=3875052,Hampton - 8109 Roanoke Avenue
https://vadmvappointments.as.me/?calendarID=3875825,Harrisonburg - 3281 Peoples Drive
https://vadmvappointments.as.me/?calendarID=4188688,Jonesville - 195 Hill Street
https://vadmvappointments.as.me/?calendarID=4315621,Kilmarnock - 110 DMV Drive
https://vadmvappointments.as.me/?calendarID=4151199,Lebanon - 567 W. Main Street
https://vadmvappointments.as.me/?calendarID=3885903,Leesburg - 945 Edwards Ferry Road NE
https://vadmvappointments.as.me/?calendarID=4315634,Lorton - 7714 Gunston Plaza
https://vadmvappointments.as.me/?calendarID=3963598,Lynchburg - 3236 Odd Fellows Road
https://vadmvappointments.as.me/?calendarID=4023801,Martinsville - 310 Starling Avenue
https://vadmvappointments.as.me/?calendarID=3886076,Newport News - 12730 Patrick Henry Drive
https://vadmvappointments.as.me/?calendarID=4023752,Norfolk/Military Circle - 5745 Poplar Hall Drive
https://vadmvappointments.as.me/?calendarID=4254672,Norfolk/Widgeon Road - 850 Widgeon Road
https://vadmvappointments.as.me/?calendarID=3886205,North Henrico - 9015 Brook Road
https://vadmvappointments.as.me/?calendarID=4151201,Norton - 1729 Park Avenue S.W.
https://vadmvappointments.as.me/?calendarID=3875131,Onancock - 20 North Street
https://vadmvappointments.as.me/?calendarID=4190448,Petersburg - 120 Wagner Road
https://vadmvappointments.as.me/?calendarID=3919119,Portsmouth -  6400 Bickford Parkway
https://vadmvappointments.as.me/?calendarID=3874930,Prince William/Manassas - 11270 Bulloch Drive
https://vadmvappointments.as.me/?calendarID=4315658,Pulaski - 1901 Bobwhite Boulevard
https://vadmvappointments.as.me/?calendarID=3871785,Richmond Central - 2300 West Broad Street
https://vadmvappointments.as.me/?calendarID=3871785,Richmond Central - 2300 West Broad Street
https://vadmvappointments.as.me/?calendarID=4254721,Rocky Mount  - 305 Tanyard Road
https://vadmvappointments.as.me/?calendarID=3920195,South Boston -  2039 Hamilton Blvd
https://vadmvappointments.as.me/?calendarID=4190378,South Hill - 206 South Brunswick Avenue
https://vadmvappointments.as.me/?calendarID=4254592,Suffolk - 1040 Centerbrooke Lane
https://vadmvappointments.as.me/?calendarID=4175356,Tappahannock - 750 Richmond Beach Road
https://vadmvappointments.as.me/?calendarID=3963741,Tazewell - 1151 Tazewell Avenue
https://vadmvappointments.as.me/?calendarID=3874794,Tysons Corner - 1968 Gallows Road
https://vadmvappointments.as.me/?calendarID=3875641,VA Beach-Buckner - 3551 Buckner Boulevar
https://vadmvappointments.as.me/?calendarID=4254723,VA Beach-Hilltop - 1712 Donna Drive
https://vadmvappointments.as.me/?calendarID=4175329,Vansant - 1657 Lovers Gap Road
https://vadmvappointments.as.me/?calendarID=4254573,Warrenton - 94 Alexandria Pike
https://vadmvappointments.as.me/?calendarID=4024243,Waynesboro - 998 Hopeman Parkway
https://vadmvappointments.as.me/?calendarID=4315900,West Henrico - 9237 Quioccasin Road
https://vadmvappointments.as.me/?calendarID=4254627,Williamsburg - 5235 John Tyler Highway
https://vadmvappointments.as.me/?calendarID=4254601,Winchester - 4050 Valley Pike
https://vadmvappointments.as.me/?calendarID=3886009,Woodbridge - 2731 Caton Hill Road
https://vadmvappointments.as.me/?calendarID=4023824,Woodstock - 714-A North Main Street
https://vadmvappointments.as.me/?calendarID=4190207,Wytheville - 800 East Main Street Suite 100